"","DATE","ATM","Cash"
"1",39934,"ATM1",96
"2",39934,"ATM2",107
"3",39935,"ATM1",82
"4",39935,"ATM2",89
"5",39936,"ATM1",85
"6",39936,"ATM2",90
"7",39937,"ATM1",90
"8",39937,"ATM2",55
"9",39938,"ATM1",99
"10",39938,"ATM2",79
"11",39939,"ATM1",88
"12",39939,"ATM2",19
"13",39940,"ATM1",8
"14",39940,"ATM2",2
"15",39941,"ATM1",104
"16",39941,"ATM2",103
"17",39942,"ATM1",87
"18",39942,"ATM2",107
"19",39943,"ATM1",93
"20",39943,"ATM2",118
"21",39944,"ATM1",86
"22",39944,"ATM2",75
"23",39945,"ATM1",111
"24",39945,"ATM2",111
"25",39946,"ATM1",75
"26",39946,"ATM2",25
"27",39947,"ATM1",6
"28",39947,"ATM2",16
"29",39948,"ATM1",102
"30",39948,"ATM2",137
"31",39949,"ATM1",73
"32",39949,"ATM2",95
"33",39950,"ATM1",92
"34",39950,"ATM2",103
"35",39951,"ATM1",82
"36",39951,"ATM2",80
"37",39952,"ATM1",86
"38",39952,"ATM2",118
"39",39953,"ATM1",73
"40",39953,"ATM2",30
"41",39954,"ATM1",20
"42",39954,"ATM2",7
"43",39955,"ATM1",100
"44",39955,"ATM2",118
"45",39956,"ATM1",93
"46",39956,"ATM2",104
"47",39957,"ATM1",90
"48",39957,"ATM2",59
"49",39958,"ATM1",94
"50",39958,"ATM2",40
"51",39959,"ATM1",98
"52",39959,"ATM2",106
"53",39960,"ATM1",73
"54",39960,"ATM2",18
"55",39961,"ATM1",10
"56",39961,"ATM2",9
"57",39962,"ATM1",97
"58",39962,"ATM2",136
"59",39963,"ATM1",102
"60",39963,"ATM2",118
"61",39964,"ATM1",85
"62",39964,"ATM2",64
"63",39965,"ATM1",85
"64",39965,"ATM2",77
"65",39966,"ATM1",108
"66",39966,"ATM2",133
"67",39967,"ATM1",94
"68",39967,"ATM2",45
"69",39968,"ATM1",14
"70",39968,"ATM2",14
"71",39969,"ATM1",3
"72",39969,"ATM2",20
"73",39970,"ATM1",96
"74",39970,"ATM2",147
"75",39971,"ATM1",109
"76",39971,"ATM2",105
"77",39972,"ATM1",96
"78",39972,"ATM2",132
"79",39973,"ATM1",145
"80",39973,"ATM2",93
"81",39974,"ATM1",81
"82",39974,"ATM2",26
"83",39975,"ATM1",16
"84",39975,"ATM2",7
"85",39976,"ATM1",142
"86",39976,"ATM2",112
"87",39977,"ATM1",NA
"88",39977,"ATM2",91
"89",39978,"ATM1",120
"90",39978,"ATM2",72
"91",39979,"ATM1",106
"92",39979,"ATM2",66
"93",39980,"ATM1",NA
"94",39980,"ATM2",82
"95",39981,"ATM1",108
"96",39981,"ATM2",24
"97",39982,"ATM1",21
"98",39982,"ATM2",NA
"99",39983,"ATM1",140
"100",39983,"ATM2",134
"101",39984,"ATM1",110
"102",39984,"ATM2",95
"103",39985,"ATM1",115
"104",39985,"ATM2",82
"105",39986,"ATM1",NA
"106",39986,"ATM2",90
"107",39987,"ATM1",108
"108",39987,"ATM2",99
"109",39988,"ATM1",66
"110",39988,"ATM2",NA
"111",39989,"ATM1",13
"112",39989,"ATM2",3
"113",39990,"ATM1",99
"114",39990,"ATM2",117
"115",39991,"ATM1",105
"116",39991,"ATM2",53
"117",39992,"ATM1",104
"118",39992,"ATM2",44
"119",39993,"ATM1",98
"120",39993,"ATM2",56
"121",39994,"ATM1",110
"122",39994,"ATM2",110
"123",39995,"ATM1",79
"124",39995,"ATM2",36
"125",39996,"ATM1",16
"126",39996,"ATM2",12
"127",39997,"ATM1",110
"128",39997,"ATM2",128
"129",39998,"ATM1",96
"130",39998,"ATM2",72
"131",39999,"ATM1",114
"132",39999,"ATM2",122
"133",40000,"ATM1",126
"134",40000,"ATM2",100
"135",40001,"ATM1",126
"136",40001,"ATM2",108
"137",40002,"ATM1",73
"138",40002,"ATM2",25
"139",40003,"ATM1",4
"140",40003,"ATM2",6
"141",40004,"ATM1",19
"142",40004,"ATM2",22
"143",40005,"ATM1",114
"144",40005,"ATM2",135
"145",40006,"ATM1",98
"146",40006,"ATM2",69
"147",40007,"ATM1",97
"148",40007,"ATM2",52
"149",40008,"ATM1",114
"150",40008,"ATM2",81
"151",40009,"ATM1",78
"152",40009,"ATM2",27
"153",40010,"ATM1",19
"154",40010,"ATM2",4
"155",40011,"ATM1",102
"156",40011,"ATM2",147
"157",40012,"ATM1",94
"158",40012,"ATM2",102
"159",40013,"ATM1",108
"160",40013,"ATM2",83
"161",40014,"ATM1",91
"162",40014,"ATM2",55
"163",40015,"ATM1",86
"164",40015,"ATM2",74
"165",40016,"ATM1",78
"166",40016,"ATM2",22
"167",40017,"ATM1",16
"168",40017,"ATM2",4
"169",40018,"ATM1",114
"170",40018,"ATM2",104
"171",40019,"ATM1",115
"172",40019,"ATM2",81
"173",40020,"ATM1",108
"174",40020,"ATM2",61
"175",40021,"ATM1",102
"176",40021,"ATM2",70
"177",40022,"ATM1",129
"178",40022,"ATM2",126
"179",40023,"ATM1",79
"180",40023,"ATM2",33
"181",40024,"ATM1",13
"182",40024,"ATM2",7
"183",40025,"ATM1",103
"184",40025,"ATM2",126
"185",40026,"ATM1",90
"186",40026,"ATM2",92
"187",40027,"ATM1",68
"188",40027,"ATM2",81
"189",40028,"ATM1",85
"190",40028,"ATM2",49
"191",40029,"ATM1",99
"192",40029,"ATM2",146
"193",40030,"ATM1",86
"194",40030,"ATM2",79
"195",40031,"ATM1",13
"196",40031,"ATM2",37
"197",40032,"ATM1",116
"198",40032,"ATM2",136
"199",40033,"ATM1",105
"200",40033,"ATM2",111
"201",40034,"ATM1",123
"202",40034,"ATM2",78
"203",40035,"ATM1",114
"204",40035,"ATM2",57
"205",40036,"ATM1",127
"206",40036,"ATM2",106
"207",40037,"ATM1",111
"208",40037,"ATM2",38
"209",40038,"ATM1",34
"210",40038,"ATM2",15
"211",40039,"ATM1",151
"212",40039,"ATM2",119
"213",40040,"ATM1",110
"214",40040,"ATM2",110
"215",40041,"ATM1",115
"216",40041,"ATM2",68
"217",40042,"ATM1",112
"218",40042,"ATM2",60
"219",40043,"ATM1",132
"220",40043,"ATM2",92
"221",40044,"ATM1",94
"222",40044,"ATM2",22
"223",40045,"ATM1",24
"224",40045,"ATM2",11
"225",40046,"ATM1",122
"226",40046,"ATM2",121
"227",40047,"ATM1",104
"228",40047,"ATM2",89
"229",40048,"ATM1",128
"230",40048,"ATM2",62
"231",40049,"ATM1",120
"232",40049,"ATM2",79
"233",40050,"ATM1",174
"234",40050,"ATM2",83
"235",40051,"ATM1",96
"236",40051,"ATM2",31
"237",40052,"ATM1",13
"238",40052,"ATM2",4
"239",40053,"ATM1",121
"240",40053,"ATM2",96
"241",40054,"ATM1",133
"242",40054,"ATM2",50
"243",40055,"ATM1",118
"244",40055,"ATM2",52
"245",40056,"ATM1",91
"246",40056,"ATM2",56
"247",40057,"ATM1",120
"248",40057,"ATM2",104
"249",40058,"ATM1",88
"250",40058,"ATM2",27
"251",40059,"ATM1",19
"252",40059,"ATM2",13
"253",40060,"ATM1",150
"254",40060,"ATM2",107
"255",40061,"ATM1",144
"256",40061,"ATM2",125
"257",40062,"ATM1",121
"258",40062,"ATM2",103
"259",40063,"ATM1",105
"260",40063,"ATM2",42
"261",40064,"ATM1",133
"262",40064,"ATM2",90
"263",40065,"ATM1",109
"264",40065,"ATM2",29
"265",40066,"ATM1",18
"266",40066,"ATM2",8
"267",40067,"ATM1",1
"268",40067,"ATM2",2
"269",40068,"ATM1",105
"270",40068,"ATM2",84
"271",40069,"ATM1",112
"272",40069,"ATM2",62
"273",40070,"ATM1",82
"274",40070,"ATM2",77
"275",40071,"ATM1",111
"276",40071,"ATM2",78
"277",40072,"ATM1",79
"278",40072,"ATM2",25
"279",40073,"ATM1",13
"280",40073,"ATM2",8
"281",40074,"ATM1",112
"282",40074,"ATM2",113
"283",40075,"ATM1",99
"284",40075,"ATM2",71
"285",40076,"ATM1",140
"286",40076,"ATM2",94
"287",40077,"ATM1",110
"288",40077,"ATM2",59
"289",40078,"ATM1",180
"290",40078,"ATM2",89
"291",40079,"ATM1",73
"292",40079,"ATM2",18
"293",40080,"ATM1",7
"294",40080,"ATM2",6
"295",40081,"ATM1",106
"296",40081,"ATM2",115
"297",40082,"ATM1",103
"298",40082,"ATM2",81
"299",40083,"ATM1",93
"300",40083,"ATM2",61
"301",40084,"ATM1",96
"302",40084,"ATM2",71
"303",40085,"ATM1",117
"304",40085,"ATM2",69
"305",40086,"ATM1",80
"306",40086,"ATM2",36
"307",40087,"ATM1",14
"308",40087,"ATM2",14
"309",40088,"ATM1",120
"310",40088,"ATM2",104
"311",40089,"ATM1",91
"312",40089,"ATM2",73
"313",40090,"ATM1",96
"314",40090,"ATM2",86
"315",40091,"ATM1",74
"316",40091,"ATM2",85
"317",40092,"ATM1",108
"318",40092,"ATM2",126
"319",40093,"ATM1",73
"320",40093,"ATM2",31
"321",40094,"ATM1",13
"322",40094,"ATM2",9
"323",40095,"ATM1",93
"324",40095,"ATM2",114
"325",40096,"ATM1",94
"326",40096,"ATM2",78
"327",40097,"ATM1",76
"328",40097,"ATM2",45
"329",40098,"ATM1",111
"330",40098,"ATM2",60
"331",40099,"ATM1",88
"332",40099,"ATM2",91
"333",40100,"ATM1",76
"334",40100,"ATM2",22
"335",40101,"ATM1",9
"336",40101,"ATM2",7
"337",40102,"ATM1",87
"338",40102,"ATM2",75
"339",40103,"ATM1",105
"340",40103,"ATM2",66
"341",40104,"ATM1",78
"342",40104,"ATM2",64
"343",40105,"ATM1",67
"344",40105,"ATM2",51
"345",40106,"ATM1",90
"346",40106,"ATM2",94
"347",40107,"ATM1",68
"348",40107,"ATM2",23
"349",40108,"ATM1",9
"350",40108,"ATM2",4
"351",40109,"ATM1",78
"352",40109,"ATM2",127
"353",40110,"ATM1",74
"354",40110,"ATM2",61
"355",40111,"ATM1",74
"356",40111,"ATM2",0
"357",40112,"ATM1",60
"358",40112,"ATM2",95
"359",40113,"ATM1",75
"360",40113,"ATM2",79
"361",40114,"ATM1",61
"362",40114,"ATM2",38
"363",40115,"ATM1",9
"364",40115,"ATM2",8
"365",40116,"ATM1",90
"366",40116,"ATM2",119
"367",40117,"ATM1",86
"368",40117,"ATM2",57
"369",40118,"ATM1",86
"370",40118,"ATM2",58
"371",40119,"ATM1",79
"372",40119,"ATM2",80
"373",40120,"ATM1",90
"374",40120,"ATM2",82
"375",40121,"ATM1",80
"376",40121,"ATM2",49
"377",40122,"ATM1",21
"378",40122,"ATM2",16
"379",40123,"ATM1",93
"380",40123,"ATM2",116
"381",40124,"ATM1",104
"382",40124,"ATM2",61
"383",40125,"ATM1",109
"384",40125,"ATM2",59
"385",40126,"ATM1",88
"386",40126,"ATM2",80
"387",40127,"ATM1",96
"388",40127,"ATM2",86
"389",40128,"ATM1",70
"390",40128,"ATM2",23
"391",40129,"ATM1",15
"392",40129,"ATM2",7
"393",40130,"ATM1",73
"394",40130,"ATM2",91
"395",40131,"ATM1",94
"396",40131,"ATM2",57
"397",40132,"ATM1",108
"398",40132,"ATM2",58
"399",40133,"ATM1",73
"400",40133,"ATM2",61
"401",40134,"ATM1",87
"402",40134,"ATM2",77
"403",40135,"ATM1",75
"404",40135,"ATM2",20
"405",40136,"ATM1",10
"406",40136,"ATM2",5
"407",40137,"ATM1",92
"408",40137,"ATM2",132
"409",40138,"ATM1",87
"410",40138,"ATM2",49
"411",40139,"ATM1",74
"412",40139,"ATM2",57
"413",40140,"ATM1",73
"414",40140,"ATM2",68
"415",40141,"ATM1",93
"416",40141,"ATM2",80
"417",40142,"ATM1",66
"418",40142,"ATM2",31
"419",40143,"ATM1",18
"420",40143,"ATM2",3
"421",40144,"ATM1",99
"422",40144,"ATM2",85
"423",40145,"ATM1",94
"424",40145,"ATM2",53
"425",40146,"ATM1",136
"426",40146,"ATM2",46
"427",40147,"ATM1",6
"428",40147,"ATM2",2
"429",40148,"ATM1",140
"430",40148,"ATM2",113
"431",40149,"ATM1",73
"432",40149,"ATM2",22
"433",40150,"ATM1",9
"434",40150,"ATM2",5
"435",40151,"ATM1",140
"436",40151,"ATM2",112
"437",40152,"ATM1",103
"438",40152,"ATM2",59
"439",40153,"ATM1",110
"440",40153,"ATM2",72
"441",40154,"ATM1",90
"442",40154,"ATM2",77
"443",40155,"ATM1",135
"444",40155,"ATM2",85
"445",40156,"ATM1",67
"446",40156,"ATM2",27
"447",40157,"ATM1",12
"448",40157,"ATM2",1
"449",40158,"ATM1",109
"450",40158,"ATM2",91
"451",40159,"ATM1",84
"452",40159,"ATM2",36
"453",40160,"ATM1",92
"454",40160,"ATM2",46
"455",40161,"ATM1",84
"456",40161,"ATM2",100
"457",40162,"ATM1",118
"458",40162,"ATM2",73
"459",40163,"ATM1",68
"460",40163,"ATM2",22
"461",40164,"ATM1",14
"462",40164,"ATM2",9
"463",40165,"ATM1",90
"464",40165,"ATM2",117
"465",40166,"ATM1",92
"466",40166,"ATM2",44
"467",40167,"ATM1",93
"468",40167,"ATM2",44
"469",40168,"ATM1",85
"470",40168,"ATM2",78
"471",40169,"ATM1",93
"472",40169,"ATM2",89
"473",40170,"ATM1",70
"474",40170,"ATM2",33
"475",40171,"ATM1",13
"476",40171,"ATM2",5
"477",40172,"ATM1",90
"478",40172,"ATM2",102
"479",40173,"ATM1",91
"480",40173,"ATM2",68
"481",40174,"ATM1",102
"482",40174,"ATM2",64
"483",40175,"ATM1",97
"484",40175,"ATM2",81
"485",40176,"ATM1",42
"486",40176,"ATM2",9
"487",40177,"ATM1",2
"488",40177,"ATM2",2
"489",40178,"ATM1",14
"490",40178,"ATM2",2
"491",40179,"ATM1",132
"492",40179,"ATM2",117
"493",40180,"ATM1",108
"494",40180,"ATM2",56
"495",40181,"ATM1",120
"496",40181,"ATM2",55
"497",40182,"ATM1",120
"498",40182,"ATM2",112
"499",40183,"ATM1",90
"500",40183,"ATM2",100
"501",40184,"ATM1",48
"502",40184,"ATM2",17
"503",40185,"ATM1",15
"504",40185,"ATM2",7
"505",40186,"ATM1",86
"506",40186,"ATM2",49
"507",40187,"ATM1",109
"508",40187,"ATM2",96
"509",40188,"ATM1",115
"510",40188,"ATM2",47
"511",40189,"ATM1",123
"512",40189,"ATM2",107
"513",40190,"ATM1",123
"514",40190,"ATM2",93
"515",40191,"ATM1",60
"516",40191,"ATM2",27
"517",40192,"ATM1",22
"518",40192,"ATM2",9
"519",40193,"ATM1",81
"520",40193,"ATM2",78
"521",40194,"ATM1",98
"522",40194,"ATM2",47
"523",40195,"ATM1",94
"524",40195,"ATM2",31
"525",40196,"ATM1",76
"526",40196,"ATM2",91
"527",40197,"ATM1",96
"528",40197,"ATM2",77
"529",40198,"ATM1",72
"530",40198,"ATM2",22
"531",40199,"ATM1",12
"532",40199,"ATM2",1
"533",40200,"ATM1",91
"534",40200,"ATM2",125
"535",40201,"ATM1",74
"536",40201,"ATM2",53
"537",40202,"ATM1",104
"538",40202,"ATM2",37
"539",40203,"ATM1",74
"540",40203,"ATM2",69
"541",40204,"ATM1",91
"542",40204,"ATM2",69
"543",40205,"ATM1",66
"544",40205,"ATM2",16
"545",40206,"ATM1",28
"546",40206,"ATM2",2
"547",40207,"ATM1",152
"548",40207,"ATM2",95
"549",40208,"ATM1",97
"550",40208,"ATM2",45
"551",40209,"ATM1",100
"552",40209,"ATM2",61
"553",40210,"ATM1",85
"554",40210,"ATM2",71
"555",40211,"ATM1",123
"556",40211,"ATM2",91
"557",40212,"ATM1",46
"558",40212,"ATM2",28
"559",40213,"ATM1",38
"560",40213,"ATM2",9
"561",40214,"ATM1",138
"562",40214,"ATM2",97
"563",40215,"ATM1",74
"564",40215,"ATM2",60
"565",40216,"ATM1",85
"566",40216,"ATM2",27
"567",40217,"ATM1",78
"568",40217,"ATM2",74
"569",40218,"ATM1",123
"570",40218,"ATM2",45
"571",40219,"ATM1",50
"572",40219,"ATM2",26
"573",40220,"ATM1",28
"574",40220,"ATM2",2
"575",40221,"ATM1",105
"576",40221,"ATM2",73
"577",40222,"ATM1",109
"578",40222,"ATM2",48
"579",40223,"ATM1",26
"580",40223,"ATM2",9
"581",40224,"ATM1",54
"582",40224,"ATM2",25
"583",40225,"ATM1",105
"584",40225,"ATM2",58
"585",40226,"ATM1",179
"586",40226,"ATM2",110
"587",40227,"ATM1",125
"588",40227,"ATM2",94
"589",40228,"ATM1",84
"590",40228,"ATM2",25
"591",40229,"ATM1",99
"592",40229,"ATM2",101
"593",40230,"ATM1",110
"594",40230,"ATM2",77
"595",40231,"ATM1",80
"596",40231,"ATM2",6
"597",40232,"ATM1",1
"598",40232,"ATM2",3
"599",40233,"ATM1",111
"600",40233,"ATM2",99
"601",40234,"ATM1",115
"602",40234,"ATM2",86
"603",40235,"ATM1",108
"604",40235,"ATM2",20
"605",40236,"ATM1",100
"606",40236,"ATM2",72
"607",40237,"ATM1",152
"608",40237,"ATM2",81
"609",40238,"ATM1",90
"610",40238,"ATM2",16
"611",40239,"ATM1",4
"612",40239,"ATM2",2
"613",40240,"ATM1",128
"614",40240,"ATM2",110
"615",40241,"ATM1",87
"616",40241,"ATM2",75
"617",40242,"ATM1",84
"618",40242,"ATM2",35
"619",40243,"ATM1",69
"620",40243,"ATM2",102
"621",40244,"ATM1",112
"622",40244,"ATM2",100
"623",40245,"ATM1",62
"624",40245,"ATM2",9
"625",40246,"ATM1",4
"626",40246,"ATM2",2
"627",40247,"ATM1",94
"628",40247,"ATM2",100
"629",40248,"ATM1",102
"630",40248,"ATM2",85
"631",40249,"ATM1",98
"632",40249,"ATM2",33
"633",40250,"ATM1",88
"634",40250,"ATM2",24
"635",40251,"ATM1",123
"636",40251,"ATM2",111
"637",40252,"ATM1",55
"638",40252,"ATM2",5
"639",40253,"ATM1",4
"640",40253,"ATM2",1
"641",40254,"ATM1",92
"642",40254,"ATM2",106
"643",40255,"ATM1",88
"644",40255,"ATM2",102
"645",40256,"ATM1",92
"646",40256,"ATM2",25
"647",40257,"ATM1",92
"648",40257,"ATM2",64
"649",40258,"ATM1",117
"650",40258,"ATM2",78
"651",40259,"ATM1",73
"652",40259,"ATM2",5
"653",40260,"ATM1",3
"654",40260,"ATM2",1
"655",40261,"ATM1",85
"656",40261,"ATM2",83
"657",40262,"ATM1",88
"658",40262,"ATM2",78
"659",40263,"ATM1",76
"660",40263,"ATM2",66
"661",40264,"ATM1",93
"662",40264,"ATM2",15
"663",40265,"ATM1",116
"664",40265,"ATM2",64
"665",40266,"ATM1",68
"666",40266,"ATM2",3
"667",40267,"ATM1",19
"668",40267,"ATM2",0
"669",40268,"ATM1",127
"670",40268,"ATM2",102
"671",40269,"ATM1",93
"672",40269,"ATM2",99
"673",40270,"ATM1",97
"674",40270,"ATM2",41
"675",40271,"ATM1",102
"676",40271,"ATM2",79
"677",40272,"ATM1",109
"678",40272,"ATM2",71
"679",40273,"ATM1",68
"680",40273,"ATM2",9
"681",40274,"ATM1",4
"682",40274,"ATM2",2
"683",40275,"ATM1",105
"684",40275,"ATM2",103
"685",40276,"ATM1",79
"686",40276,"ATM2",67
"687",40277,"ATM1",90
"688",40277,"ATM2",85
"689",40278,"ATM1",87
"690",40278,"ATM2",78
"691",40279,"ATM1",92
"692",40279,"ATM2",67
"693",40280,"ATM1",63
"694",40280,"ATM2",12
"695",40281,"ATM1",3
"696",40281,"ATM2",1
"697",40282,"ATM1",103
"698",40282,"ATM2",97
"699",40283,"ATM1",80
"700",40283,"ATM2",106
"701",40284,"ATM1",80
"702",40284,"ATM2",74
"703",40285,"ATM1",84
"704",40285,"ATM2",86
"705",40286,"ATM1",81
"706",40286,"ATM2",55
"707",40287,"ATM1",88
"708",40287,"ATM2",13
"709",40288,"ATM1",3
"710",40288,"ATM2",1
"711",40289,"ATM1",100
"712",40289,"ATM2",100
"713",40290,"ATM1",69
"714",40290,"ATM2",103
"715",40291,"ATM1",85
"716",40291,"ATM2",44
"717",40292,"ATM1",85
"718",40292,"ATM2",61
"719",40293,"ATM1",109
"720",40293,"ATM2",89
"721",40294,"ATM1",74
"722",40294,"ATM2",11
"723",40295,"ATM1",4
"724",40295,"ATM2",2
"725",40296,"ATM1",96
"726",40296,"ATM2",107
"727",40297,"ATM1",82
"728",40297,"ATM2",89
"729",40298,"ATM1",85
"730",40298,"ATM2",90
"731",40299,NA,NA
"732",40300,NA,NA
"733",40301,NA,NA
"734",40302,NA,NA
"735",40303,NA,NA
"736",40304,NA,NA
"737",40305,NA,NA
"738",40306,NA,NA
"739",40307,NA,NA
"740",40308,NA,NA
"741",40309,NA,NA
"742",40310,NA,NA
"743",40311,NA,NA
"744",40312,NA,NA
"745",39934,"ATM3",0
"746",39935,"ATM3",0
"747",39936,"ATM3",0
"748",39937,"ATM3",0
"749",39938,"ATM3",0
"750",39939,"ATM3",0
"751",39940,"ATM3",0
"752",39941,"ATM3",0
"753",39942,"ATM3",0
"754",39943,"ATM3",0
"755",39944,"ATM3",0
"756",39945,"ATM3",0
"757",39946,"ATM3",0
"758",39947,"ATM3",0
"759",39948,"ATM3",0
"760",39949,"ATM3",0
"761",39950,"ATM3",0
"762",39951,"ATM3",0
"763",39952,"ATM3",0
"764",39953,"ATM3",0
"765",39954,"ATM3",0
"766",39955,"ATM3",0
"767",39956,"ATM3",0
"768",39957,"ATM3",0
"769",39958,"ATM3",0
"770",39959,"ATM3",0
"771",39960,"ATM3",0
"772",39961,"ATM3",0
"773",39962,"ATM3",0
"774",39963,"ATM3",0
"775",39964,"ATM3",0
"776",39965,"ATM3",0
"777",39966,"ATM3",0
"778",39967,"ATM3",0
"779",39968,"ATM3",0
"780",39969,"ATM3",0
"781",39970,"ATM3",0
"782",39971,"ATM3",0
"783",39972,"ATM3",0
"784",39973,"ATM3",0
"785",39974,"ATM3",0
"786",39975,"ATM3",0
"787",39976,"ATM3",0
"788",39977,"ATM3",0
"789",39978,"ATM3",0
"790",39979,"ATM3",0
"791",39980,"ATM3",0
"792",39981,"ATM3",0
"793",39982,"ATM3",0
"794",39983,"ATM3",0
"795",39984,"ATM3",0
"796",39985,"ATM3",0
"797",39986,"ATM3",0
"798",39987,"ATM3",0
"799",39988,"ATM3",0
"800",39989,"ATM3",0
"801",39990,"ATM3",0
"802",39991,"ATM3",0
"803",39992,"ATM3",0
"804",39993,"ATM3",0
"805",39994,"ATM3",0
"806",39995,"ATM3",0
"807",39996,"ATM3",0
"808",39997,"ATM3",0
"809",39998,"ATM3",0
"810",39999,"ATM3",0
"811",40000,"ATM3",0
"812",40001,"ATM3",0
"813",40002,"ATM3",0
"814",40003,"ATM3",0
"815",40004,"ATM3",0
"816",40005,"ATM3",0
"817",40006,"ATM3",0
"818",40007,"ATM3",0
"819",40008,"ATM3",0
"820",40009,"ATM3",0
"821",40010,"ATM3",0
"822",40011,"ATM3",0
"823",40012,"ATM3",0
"824",40013,"ATM3",0
"825",40014,"ATM3",0
"826",40015,"ATM3",0
"827",40016,"ATM3",0
"828",40017,"ATM3",0
"829",40018,"ATM3",0
"830",40019,"ATM3",0
"831",40020,"ATM3",0
"832",40021,"ATM3",0
"833",40022,"ATM3",0
"834",40023,"ATM3",0
"835",40024,"ATM3",0
"836",40025,"ATM3",0
"837",40026,"ATM3",0
"838",40027,"ATM3",0
"839",40028,"ATM3",0
"840",40029,"ATM3",0
"841",40030,"ATM3",0
"842",40031,"ATM3",0
"843",40032,"ATM3",0
"844",40033,"ATM3",0
"845",40034,"ATM3",0
"846",40035,"ATM3",0
"847",40036,"ATM3",0
"848",40037,"ATM3",0
"849",40038,"ATM3",0
"850",40039,"ATM3",0
"851",40040,"ATM3",0
"852",40041,"ATM3",0
"853",40042,"ATM3",0
"854",40043,"ATM3",0
"855",40044,"ATM3",0
"856",40045,"ATM3",0
"857",40046,"ATM3",0
"858",40047,"ATM3",0
"859",40048,"ATM3",0
"860",40049,"ATM3",0
"861",40050,"ATM3",0
"862",40051,"ATM3",0
"863",40052,"ATM3",0
"864",40053,"ATM3",0
"865",40054,"ATM3",0
"866",40055,"ATM3",0
"867",40056,"ATM3",0
"868",40057,"ATM3",0
"869",40058,"ATM3",0
"870",40059,"ATM3",0
"871",40060,"ATM3",0
"872",40061,"ATM3",0
"873",40062,"ATM3",0
"874",40063,"ATM3",0
"875",40064,"ATM3",0
"876",40065,"ATM3",0
"877",40066,"ATM3",0
"878",40067,"ATM3",0
"879",40068,"ATM3",0
"880",40069,"ATM3",0
"881",40070,"ATM3",0
"882",40071,"ATM3",0
"883",40072,"ATM3",0
"884",40073,"ATM3",0
"885",40074,"ATM3",0
"886",40075,"ATM3",0
"887",40076,"ATM3",0
"888",40077,"ATM3",0
"889",40078,"ATM3",0
"890",40079,"ATM3",0
"891",40080,"ATM3",0
"892",40081,"ATM3",0
"893",40082,"ATM3",0
"894",40083,"ATM3",0
"895",40084,"ATM3",0
"896",40085,"ATM3",0
"897",40086,"ATM3",0
"898",40087,"ATM3",0
"899",40088,"ATM3",0
"900",40089,"ATM3",0
"901",40090,"ATM3",0
"902",40091,"ATM3",0
"903",40092,"ATM3",0
"904",40093,"ATM3",0
"905",40094,"ATM3",0
"906",40095,"ATM3",0
"907",40096,"ATM3",0
"908",40097,"ATM3",0
"909",40098,"ATM3",0
"910",40099,"ATM3",0
"911",40100,"ATM3",0
"912",40101,"ATM3",0
"913",40102,"ATM3",0
"914",40103,"ATM3",0
"915",40104,"ATM3",0
"916",40105,"ATM3",0
"917",40106,"ATM3",0
"918",40107,"ATM3",0
"919",40108,"ATM3",0
"920",40109,"ATM3",0
"921",40110,"ATM3",0
"922",40111,"ATM3",0
"923",40112,"ATM3",0
"924",40113,"ATM3",0
"925",40114,"ATM3",0
"926",40115,"ATM3",0
"927",40116,"ATM3",0
"928",40117,"ATM3",0
"929",40118,"ATM3",0
"930",40119,"ATM3",0
"931",40120,"ATM3",0
"932",40121,"ATM3",0
"933",40122,"ATM3",0
"934",40123,"ATM3",0
"935",40124,"ATM3",0
"936",40125,"ATM3",0
"937",40126,"ATM3",0
"938",40127,"ATM3",0
"939",40128,"ATM3",0
"940",40129,"ATM3",0
"941",40130,"ATM3",0
"942",40131,"ATM3",0
"943",40132,"ATM3",0
"944",40133,"ATM3",0
"945",40134,"ATM3",0
"946",40135,"ATM3",0
"947",40136,"ATM3",0
"948",40137,"ATM3",0
"949",40138,"ATM3",0
"950",40139,"ATM3",0
"951",40140,"ATM3",0
"952",40141,"ATM3",0
"953",40142,"ATM3",0
"954",40143,"ATM3",0
"955",40144,"ATM3",0
"956",40145,"ATM3",0
"957",40146,"ATM3",0
"958",40147,"ATM3",0
"959",40148,"ATM3",0
"960",40149,"ATM3",0
"961",40150,"ATM3",0
"962",40151,"ATM3",0
"963",40152,"ATM3",0
"964",40153,"ATM3",0
"965",40154,"ATM3",0
"966",40155,"ATM3",0
"967",40156,"ATM3",0
"968",40157,"ATM3",0
"969",40158,"ATM3",0
"970",40159,"ATM3",0
"971",40160,"ATM3",0
"972",40161,"ATM3",0
"973",40162,"ATM3",0
"974",40163,"ATM3",0
"975",40164,"ATM3",0
"976",40165,"ATM3",0
"977",40166,"ATM3",0
"978",40167,"ATM3",0
"979",40168,"ATM3",0
"980",40169,"ATM3",0
"981",40170,"ATM3",0
"982",40171,"ATM3",0
"983",40172,"ATM3",0
"984",40173,"ATM3",0
"985",40174,"ATM3",0
"986",40175,"ATM3",0
"987",40176,"ATM3",0
"988",40177,"ATM3",0
"989",40178,"ATM3",0
"990",40179,"ATM3",0
"991",40180,"ATM3",0
"992",40181,"ATM3",0
"993",40182,"ATM3",0
"994",40183,"ATM3",0
"995",40184,"ATM3",0
"996",40185,"ATM3",0
"997",40186,"ATM3",0
"998",40187,"ATM3",0
"999",40188,"ATM3",0
"1000",40189,"ATM3",0
"1001",40190,"ATM3",0
"1002",40191,"ATM3",0
"1003",40192,"ATM3",0
"1004",40193,"ATM3",0
"1005",40194,"ATM3",0
"1006",40195,"ATM3",0
"1007",40196,"ATM3",0
"1008",40197,"ATM3",0
"1009",40198,"ATM3",0
"1010",40199,"ATM3",0
"1011",40200,"ATM3",0
"1012",40201,"ATM3",0
"1013",40202,"ATM3",0
"1014",40203,"ATM3",0
"1015",40204,"ATM3",0
"1016",40205,"ATM3",0
"1017",40206,"ATM3",0
"1018",40207,"ATM3",0
"1019",40208,"ATM3",0
"1020",40209,"ATM3",0
"1021",40210,"ATM3",0
"1022",40211,"ATM3",0
"1023",40212,"ATM3",0
"1024",40213,"ATM3",0
"1025",40214,"ATM3",0
"1026",40215,"ATM3",0
"1027",40216,"ATM3",0
"1028",40217,"ATM3",0
"1029",40218,"ATM3",0
"1030",40219,"ATM3",0
"1031",40220,"ATM3",0
"1032",40221,"ATM3",0
"1033",40222,"ATM3",0
"1034",40223,"ATM3",0
"1035",40224,"ATM3",0
"1036",40225,"ATM3",0
"1037",40226,"ATM3",0
"1038",40227,"ATM3",0
"1039",40228,"ATM3",0
"1040",40229,"ATM3",0
"1041",40230,"ATM3",0
"1042",40231,"ATM3",0
"1043",40232,"ATM3",0
"1044",40233,"ATM3",0
"1045",40234,"ATM3",0
"1046",40235,"ATM3",0
"1047",40236,"ATM3",0
"1048",40237,"ATM3",0
"1049",40238,"ATM3",0
"1050",40239,"ATM3",0
"1051",40240,"ATM3",0
"1052",40241,"ATM3",0
"1053",40242,"ATM3",0
"1054",40243,"ATM3",0
"1055",40244,"ATM3",0
"1056",40245,"ATM3",0
"1057",40246,"ATM3",0
"1058",40247,"ATM3",0
"1059",40248,"ATM3",0
"1060",40249,"ATM3",0
"1061",40250,"ATM3",0
"1062",40251,"ATM3",0
"1063",40252,"ATM3",0
"1064",40253,"ATM3",0
"1065",40254,"ATM3",0
"1066",40255,"ATM3",0
"1067",40256,"ATM3",0
"1068",40257,"ATM3",0
"1069",40258,"ATM3",0
"1070",40259,"ATM3",0
"1071",40260,"ATM3",0
"1072",40261,"ATM3",0
"1073",40262,"ATM3",0
"1074",40263,"ATM3",0
"1075",40264,"ATM3",0
"1076",40265,"ATM3",0
"1077",40266,"ATM3",0
"1078",40267,"ATM3",0
"1079",40268,"ATM3",0
"1080",40269,"ATM3",0
"1081",40270,"ATM3",0
"1082",40271,"ATM3",0
"1083",40272,"ATM3",0
"1084",40273,"ATM3",0
"1085",40274,"ATM3",0
"1086",40275,"ATM3",0
"1087",40276,"ATM3",0
"1088",40277,"ATM3",0
"1089",40278,"ATM3",0
"1090",40279,"ATM3",0
"1091",40280,"ATM3",0
"1092",40281,"ATM3",0
"1093",40282,"ATM3",0
"1094",40283,"ATM3",0
"1095",40284,"ATM3",0
"1096",40285,"ATM3",0
"1097",40286,"ATM3",0
"1098",40287,"ATM3",0
"1099",40288,"ATM3",0
"1100",40289,"ATM3",0
"1101",40290,"ATM3",0
"1102",40291,"ATM3",0
"1103",40292,"ATM3",0
"1104",40293,"ATM3",0
"1105",40294,"ATM3",0
"1106",40295,"ATM3",0
"1107",40296,"ATM3",96
"1108",40297,"ATM3",82
"1109",40298,"ATM3",85
"1110",39934,"ATM4",776.993422635774
"1111",39935,"ATM4",524.417958901937
"1112",39936,"ATM4",792.811361561722
"1113",39937,"ATM4",908.238456710197
"1114",39938,"ATM4",52.832102885407
"1115",39939,"ATM4",52.2084543309194
"1116",39940,"ATM4",55.4736091504924
"1117",39941,"ATM4",558.503251043943
"1118",39942,"ATM4",904.341359476877
"1119",39943,"ATM4",879.493587939467
"1120",39944,"ATM4",274.022339859553
"1121",39945,"ATM4",396.108347278232
"1122",39946,"ATM4",274.547187676832
"1123",39947,"ATM4",16.3211587778839
"1124",39948,"ATM4",852.307037059765
"1125",39949,"ATM4",379.561702777514
"1126",39950,"ATM4",31.2849526928664
"1127",39951,"ATM4",491.85057706998
"1128",39952,"ATM4",83.7054798743499
"1129",39953,"ATM4",128.653781247532
"1130",39954,"ATM4",14.3575903757796
"1131",39955,"ATM4",815.358321475922
"1132",39956,"ATM4",758.218587112983
"1133",39957,"ATM4",601.421108345678
"1134",39958,"ATM4",906.796873134167
"1135",39959,"ATM4",502.907894207834
"1136",39960,"ATM4",88.2731377918408
"1137",39961,"ATM4",35.43833546129
"1138",39962,"ATM4",338.459424759929
"1139",39963,"ATM4",4.54799596505236
"1140",39964,"ATM4",122.667744898782
"1141",39965,"ATM4",150.234945369102
"1142",39966,"ATM4",721.155281380069
"1143",39967,"ATM4",443.012567954839
"1144",39968,"ATM4",17.1517201347435
"1145",39969,"ATM4",14.8876952016645
"1146",39970,"ATM4",740.543154963891
"1147",39971,"ATM4",1058.08338419878
"1148",39972,"ATM4",576.183700841274
"1149",39973,"ATM4",1484.12688716633
"1150",39974,"ATM4",193.78732663625
"1151",39975,"ATM4",27.0547792798363
"1152",39976,"ATM4",1190.89892093646
"1153",39977,"ATM4",746.495616650504
"1154",39978,"ATM4",1220.76788182341
"1155",39979,"ATM4",1021.50352869046
"1156",39980,"ATM4",372.623610185752
"1157",39981,"ATM4",321.272934509611
"1158",39982,"ATM4",92.4766549694339
"1159",39983,"ATM4",116.644133184619
"1160",39984,"ATM4",202.41350282446
"1161",39985,"ATM4",524.434513734354
"1162",39986,"ATM4",80.6443544327333
"1163",39987,"ATM4",64.2735892445865
"1164",39988,"ATM4",90.6365710039204
"1165",39989,"ATM4",48.046061030476
"1166",39990,"ATM4",1026.03217198209
"1167",39991,"ATM4",423.77097104651
"1168",39992,"ATM4",60.6264531187625
"1169",39993,"ATM4",540.281404318153
"1170",39994,"ATM4",173.705568168891
"1171",39995,"ATM4",393.239982380583
"1172",39996,"ATM4",41.9486209671262
"1173",39997,"ATM4",310.006526961919
"1174",39998,"ATM4",110.051915016457
"1175",39999,"ATM4",682.18236689384
"1176",40000,"ATM4",54.6679044066747
"1177",40001,"ATM4",213.989896435116
"1178",40002,"ATM4",738.126359903811
"1179",40003,"ATM4",16.2060809771332
"1180",40004,"ATM4",16.2232050931817
"1181",40005,"ATM4",1050.20652819463
"1182",40006,"ATM4",438.477360747518
"1183",40007,"ATM4",546.691591678163
"1184",40008,"ATM4",858.236420235926
"1185",40009,"ATM4",446.733513531494
"1186",40010,"ATM4",94.6720346943681
"1187",40011,"ATM4",644.390622674546
"1188",40012,"ATM4",568.815898833703
"1189",40013,"ATM4",704.507041599604
"1190",40014,"ATM4",571.645284648831
"1191",40015,"ATM4",479.875501050719
"1192",40016,"ATM4",418.864061747843
"1193",40017,"ATM4",27.5691302602324
"1194",40018,"ATM4",834.834363546686
"1195",40019,"ATM4",910.834074884209
"1196",40020,"ATM4",468.106926672841
"1197",40021,"ATM4",768.121660406244
"1198",40022,"ATM4",1089.16776215531
"1199",40023,"ATM4",266.898417253879
"1200",40024,"ATM4",7.11066448763144
"1201",40025,"ATM4",704.192012286165
"1202",40026,"ATM4",495.350605866502
"1203",40027,"ATM4",142.638951049928
"1204",40028,"ATM4",428.560173675816
"1205",40029,"ATM4",894.969363991126
"1206",40030,"ATM4",610.290623079818
"1207",40031,"ATM4",70.6137312416923
"1208",40032,"ATM4",593.570261397336
"1209",40033,"ATM4",341.601806687171
"1210",40034,"ATM4",735.035707592223
"1211",40035,"ATM4",462.773027745365
"1212",40036,"ATM4",1156.49610792055
"1213",40037,"ATM4",454.091938453053
"1214",40038,"ATM4",283.337264894307
"1215",40039,"ATM4",571.508225551503
"1216",40040,"ATM4",772.17965181371
"1217",40041,"ATM4",260.125517254741
"1218",40042,"ATM4",357.51526670354
"1219",40043,"ATM4",16.1575967866792
"1220",40044,"ATM4",334.312503217643
"1221",40045,"ATM4",25.6964040493715
"1222",40046,"ATM4",254.887097661861
"1223",40047,"ATM4",357.003129127871
"1224",40048,"ATM4",1245.59427965721
"1225",40049,"ATM4",917.371156943881
"1226",40050,"ATM4",592.180082068389
"1227",40051,"ATM4",412.474974946322
"1228",40052,"ATM4",82.9111711644146
"1229",40053,"ATM4",996.010225776324
"1230",40054,"ATM4",103.910374783015
"1231",40055,"ATM4",1116.91504379135
"1232",40056,"ATM4",816.847014783085
"1233",40057,"ATM4",914.493389038565
"1234",40058,"ATM4",648.209198441807
"1235",40059,"ATM4",140.515568974785
"1236",40060,"ATM4",1495.15477491531
"1237",40061,"ATM4",1301.39634388495
"1238",40062,"ATM4",779.717192502357
"1239",40063,"ATM4",744.262278463621
"1240",40064,"ATM4",200.391803226158
"1241",40065,"ATM4",854.179084355702
"1242",40066,"ATM4",50.7193688726552
"1243",40067,"ATM4",7.40479862867238
"1244",40068,"ATM4",1061.19278043916
"1245",40069,"ATM4",715.021459543744
"1246",40070,"ATM4",35.4446684247934
"1247",40071,"ATM4",491.88451043452
"1248",40072,"ATM4",343.496922822993
"1249",40073,"ATM4",20.7141860418197
"1250",40074,"ATM4",505.717124629766
"1251",40075,"ATM4",97.3251133180359
"1252",40076,"ATM4",473.570485705903
"1253",40077,"ATM4",899.773473595446
"1254",40078,"ATM4",1712.07498615948
"1255",40079,"ATM4",281.38841159489
"1256",40080,"ATM4",26.3379692693927
"1257",40081,"ATM4",328.644987523756
"1258",40082,"ATM4",761.371143418368
"1259",40083,"ATM4",629.319900949778
"1260",40084,"ATM4",235.753411261302
"1261",40085,"ATM4",1195.22318067405
"1262",40086,"ATM4",782.407474355827
"1263",40087,"ATM4",108.331742560694
"1264",40088,"ATM4",846.556566037633
"1265",40089,"ATM4",576.16934427039
"1266",40090,"ATM4",441.883926769272
"1267",40091,"ATM4",319.404845600085
"1268",40092,"ATM4",154.163484423112
"1269",40093,"ATM4",543.239374511312
"1270",40094,"ATM4",124.334414557572
"1271",40095,"ATM4",449.074910146331
"1272",40096,"ATM4",614.654064053255
"1273",40097,"ATM4",219.237855425154
"1274",40098,"ATM4",945.736416755682
"1275",40099,"ATM4",9.69124277507008
"1276",40100,"ATM4",696.245755509756
"1277",40101,"ATM4",8.08428352842259
"1278",40102,"ATM4",845.463546118183
"1279",40103,"ATM4",212.902683117834
"1280",40104,"ATM4",9.15513501769954
"1281",40105,"ATM4",46.8314210776752
"1282",40106,"ATM4",30.3723763048343
"1283",40107,"ATM4",400.484973621883
"1284",40108,"ATM4",61.338241055959
"1285",40109,"ATM4",428.0469517486
"1286",40110,"ATM4",1.56325954345137
"1287",40111,"ATM4",9.01882644863672
"1288",40112,"ATM4",50.3042149666697
"1289",40113,"ATM4",313.414359313331
"1290",40114,"ATM4",626.687136432635
"1291",40115,"ATM4",5.8820761559441
"1292",40116,"ATM4",77.8030242697456
"1293",40117,"ATM4",337.894871092869
"1294",40118,"ATM4",211.812231723059
"1295",40119,"ATM4",690.122884080333
"1296",40120,"ATM4",596.381876571812
"1297",40121,"ATM4",65.2784827550509
"1298",40122,"ATM4",77.4444541654741
"1299",40123,"ATM4",43.7214094516489
"1300",40124,"ATM4",964.175254658543
"1301",40125,"ATM4",834.959599041899
"1302",40126,"ATM4",636.962625925853
"1303",40127,"ATM4",927.078613877721
"1304",40128,"ATM4",75.8730554340455
"1305",40129,"ATM4",43.6905497151486
"1306",40130,"ATM4",621.292500656753
"1307",40131,"ATM4",312.582040954953
"1308",40132,"ATM4",825.635396239987
"1309",40133,"ATM4",413.620439788516
"1310",40134,"ATM4",194.04735519455
"1311",40135,"ATM4",345.695899857765
"1312",40136,"ATM4",32.4281114589097
"1313",40137,"ATM4",655.315200220444
"1314",40138,"ATM4",638.136824389275
"1315",40139,"ATM4",15.3067574927029
"1316",40140,"ATM4",299.663010144965
"1317",40141,"ATM4",626.662127441092
"1318",40142,"ATM4",601.141158201118
"1319",40143,"ATM4",64.1312495169002
"1320",40144,"ATM4",562.763323387585
"1321",40145,"ATM4",317.253589383526
"1322",40146,"ATM4",1167.26443709189
"1323",40147,"ATM4",47.3651253009407
"1324",40148,"ATM4",993.777470410083
"1325",40149,"ATM4",687.196934958468
"1326",40150,"ATM4",71.1475671050568
"1327",40151,"ATM4",1046.9712810577
"1328",40152,"ATM4",1009.05023053923
"1329",40153,"ATM4",288.649516431328
"1330",40154,"ATM4",591.508330709107
"1331",40155,"ATM4",230.605914842917
"1332",40156,"ATM4",578.431797562063
"1333",40157,"ATM4",70.2106385485653
"1334",40158,"ATM4",580.796406168455
"1335",40159,"ATM4",149.150819632152
"1336",40160,"ATM4",403.861263005501
"1337",40161,"ATM4",124.958720924079
"1338",40162,"ATM4",230.148897436632
"1339",40163,"ATM4",19.0084532418081
"1340",40164,"ATM4",128.638639893298
"1341",40165,"ATM4",327.965320783926
"1342",40166,"ATM4",532.245673104081
"1343",40167,"ATM4",877.397771522905
"1344",40168,"ATM4",662.112868890277
"1345",40169,"ATM4",300.629002275054
"1346",40170,"ATM4",667.628260827946
"1347",40171,"ATM4",14.5733216451501
"1348",40172,"ATM4",660.355295523878
"1349",40173,"ATM4",510.988822551862
"1350",40174,"ATM4",164.462090996127
"1351",40175,"ATM4",748.172761776163
"1352",40176,"ATM4",174.24140491357
"1353",40177,"ATM4",20.1927246146696
"1354",40178,"ATM4",100.686542796811
"1355",40179,"ATM4",985.956884094055
"1356",40180,"ATM4",597.058059637518
"1357",40181,"ATM4",468.457249728737
"1358",40182,"ATM4",856.581157617868
"1359",40183,"ATM4",684.77426071096
"1360",40184,"ATM4",381.562058400846
"1361",40185,"ATM4",152.092361988565
"1362",40186,"ATM4",271.934401700032
"1363",40187,"ATM4",135.499644668524
"1364",40188,"ATM4",1105.01859459692
"1365",40189,"ATM4",291.765790221834
"1366",40190,"ATM4",1141.42665533123
"1367",40191,"ATM4",140.502719995165
"1368",40192,"ATM4",8.7815283658262
"1369",40193,"ATM4",85.2601147222755
"1370",40194,"ATM4",66.6559325537191
"1371",40195,"ATM4",709.93856816282
"1372",40196,"ATM4",567.549589891424
"1373",40197,"ATM4",486.824572151943
"1374",40198,"ATM4",17.4812378452732
"1375",40199,"ATM4",49.2081120684537
"1376",40200,"ATM4",357.233560971277
"1377",40201,"ATM4",179.888632199886
"1378",40202,"ATM4",728.992926153069
"1379",40203,"ATM4",261.121739928252
"1380",40204,"ATM4",628.86304697333
"1381",40205,"ATM4",277.044814971986
"1382",40206,"ATM4",41.4754868680502
"1383",40207,"ATM4",1574.7793299617
"1384",40208,"ATM4",669.707652917041
"1385",40209,"ATM4",979.675944042052
"1386",40210,"ATM4",426.40600820829
"1387",40211,"ATM4",153.242691843242
"1388",40212,"ATM4",274.949921195619
"1389",40213,"ATM4",136.2763575951
"1390",40214,"ATM4",454.416949720665
"1391",40215,"ATM4",458.304270125055
"1392",40216,"ATM4",112.030627909989
"1393",40217,"ATM4",417.912275798151
"1394",40218,"ATM4",10919.761637704
"1395",40219,"ATM4",42.4380779193944
"1396",40220,"ATM4",280.043427058093
"1397",40221,"ATM4",412.31888065844
"1398",40222,"ATM4",852.837415561515
"1399",40223,"ATM4",179.702083918353
"1400",40224,"ATM4",226.047368152384
"1401",40225,"ATM4",989.195610317924
"1402",40226,"ATM4",824.916780609469
"1403",40227,"ATM4",966.610560586021
"1404",40228,"ATM4",734.220166781831
"1405",40229,"ATM4",121.332621904179
"1406",40230,"ATM4",287.931828593555
"1407",40231,"ATM4",502.748346369994
"1408",40232,"ATM4",9.75277554328113
"1409",40233,"ATM4",258.138869179529
"1410",40234,"ATM4",1170.28822791725
"1411",40235,"ATM4",193.079004294463
"1412",40236,"ATM4",402.770394800606
"1413",40237,"ATM4",1275.96816677297
"1414",40238,"ATM4",819.881512083889
"1415",40239,"ATM4",26.3926149187391
"1416",40240,"ATM4",893.88450708737
"1417",40241,"ATM4",360.641556635615
"1418",40242,"ATM4",859.899389422705
"1419",40243,"ATM4",381.473088874741
"1420",40244,"ATM4",9.71120539780378
"1421",40245,"ATM4",601.016952508731
"1422",40246,"ATM4",32.4549583048951
"1423",40247,"ATM4",553.395793427255
"1424",40248,"ATM4",572.374701982563
"1425",40249,"ATM4",218.831558168772
"1426",40250,"ATM4",828.326827481276
"1427",40251,"ATM4",630.762176251373
"1428",40252,"ATM4",339.418303855107
"1429",40253,"ATM4",31.5022100098324
"1430",40254,"ATM4",486.679944269266
"1431",40255,"ATM4",335.363138188347
"1432",40256,"ATM4",340.008594626007
"1433",40257,"ATM4",291.282267438965
"1434",40258,"ATM4",46.0294105158321
"1435",40259,"ATM4",201.403616072321
"1436",40260,"ATM4",9.55830050948921
"1437",40261,"ATM4",877.966102962036
"1438",40262,"ATM4",778.110790866159
"1439",40263,"ATM4",707.613493721525
"1440",40264,"ATM4",351.457834764422
"1441",40265,"ATM4",711.049106751968
"1442",40266,"ATM4",502.518192001434
"1443",40267,"ATM4",23.3375687383967
"1444",40268,"ATM4",492.909935671497
"1445",40269,"ATM4",405.312584145249
"1446",40270,"ATM4",818.394331249485
"1447",40271,"ATM4",152.270800407043
"1448",40272,"ATM4",281.113528121518
"1449",40273,"ATM4",470.425772062531
"1450",40274,"ATM4",2.50731690040638
"1451",40275,"ATM4",414.741223167027
"1452",40276,"ATM4",719.426782715821
"1453",40277,"ATM4",811.716824956379
"1454",40278,"ATM4",889.584209085954
"1455",40279,"ATM4",616.127546873357
"1456",40280,"ATM4",61.1443542966714
"1457",40281,"ATM4",27.3256714386589
"1458",40282,"ATM4",767.77815338759
"1459",40283,"ATM4",326.084092777159
"1460",40284,"ATM4",825.197816271431
"1461",40285,"ATM4",383.815024779004
"1462",40286,"ATM4",195.483453801715
"1463",40287,"ATM4",711.164653124728
"1464",40288,"ATM4",29.8690113905627
"1465",40289,"ATM4",556.792330315896
"1466",40290,"ATM4",386.175334506661
"1467",40291,"ATM4",165.294180864632
"1468",40292,"ATM4",5.45181460094306
"1469",40293,"ATM4",542.280602488628
"1470",40294,"ATM4",403.839336030859
"1471",40295,"ATM4",13.6973309283063
"1472",40296,"ATM4",348.201060757756
"1473",40297,"ATM4",44.2453453817764
"1474",40298,"ATM4",482.287106882489
